{"cameraMode":{"drawMode":0,"name":"Shaded","section":"Shading Mode"},"sceneLighting":true,"audioPlay":false,"sceneViewState":{"m_AlwaysRefresh":false,"showFog":true,"showSkybox":true,"showFlares":true,"showImageEffects":true,"showParticleSystems":true,"showVisualEffectGraphs":true,"m_FxEnabled":true},"in2DMode":false,"pivot":{"x":-0.02032564952969551,"y":3.1571474075317385,"z":16.096250534057618},"rotation":{"x":-0.0044957296922802929,"y":0.0434858575463295,"z":0.00019568786956369877,"w":0.9990441799163818},"size":8.04118824005127,"orthographic":true}